SimID, SimTime, SysStartTime, SysEndTime, NumEventsScheduled, NumEventsProcessed
1,1202400000,1773443103930,1773443110871,361149,361148
2,1195200000,1773443111013,1773443116616,356602,356602
3,1195200000,1773443116690,1773443121615,359311,359311
4,1202400000,1773443121673,1773443127383,358879,358879
5,1191600000,1773443127455,1773443132712,358209,358209
6,1191600000,1773443132808,1773443138830,361066,361066
7,1195200000,1773443138913,1773443143720,354330,354330
8,1195200000,1773443143755,1773443149027,358844,358844
9,1188000000,1773443149063,1773443154737,358791,358791
10,1202400000,1773443154774,1773443159367,359579,359578
11,1198800000,1773443159403,1773443165537,360461,360461
12,1202400000,1773443165572,1773443170624,361045,361045
13,1202400000,1773443170648,1773443176152,362919,362918
14,1202400000,1773443176205,1773443182223,360306,360304
15,1202400000,1773443182261,1773443187965,358455,358454
16,1195200000,1773443188000,1773443192616,356243,356243
17,1191600000,1773443192651,1773443198760,360063,360063
18,1202400000,1773443198798,1773443204659,360898,360897
19,1198800000,1773443204697,1773443209162,359546,359546
20,1195200000,1773443209197,1773443214419,360654,360654
21,1202400000,1773443214458,1773443220793,363241,363240
22,1195200000,1773443220830,1773443225670,358525,358525
23,1202400000,1773443225699,1773443230929,358622,358622
24,1198800000,1773443230955,1773443235078,359120,359120
25,1202400000,1773443235112,1773443240153,360354,360354
26,1195200000,1773443240194,1773443246176,361311,361311
27,1184400000,1773443246217,1773443251327,355621,355621
28,1198800000,1773443251362,1773443257682,364291,364291
29,1195200000,1773443257716,1773443263447,359492,359492
30,1198800000,1773443263485,1773443268784,356738,356738
31,1198800000,1773443268823,1773443274963,362138,362138
32,1198800000,1773443274999,1773443280453,361761,361761
33,1191600000,1773443280486,1773443285669,356332,356332
34,1198800000,1773443285704,1773443291293,359202,359202
35,1195200000,1773443291323,1773443295645,359633,359633
36,1195200000,1773443295680,1773443300859,354461,354461
37,1191600000,1773443300891,1773443306747,361605,361605
38,1202400000,1773443306783,1773443312417,362537,362535
39,1195200000,1773443312455,1773443316454,357304,357304
40,1202400000,1773443316479,1773443320766,358494,358494
41,1195200000,1773443320795,1773443325435,361795,361795
42,1191600000,1773443325465,1773443330464,359352,359352
43,1195200000,1773443330498,1773443336246,360071,360071
44,1195200000,1773443336297,1773443341760,357869,357869
45,1202400000,1773443341793,1773443346879,359579,359579
46,1195200000,1773443346913,1773443352539,361334,361334
47,1202400000,1773443352574,1773443358459,361837,361836
48,1202400000,1773443358495,1773443363656,362335,362335
49,1202400000,1773443363695,1773443369356,362569,362569
50,1202400000,1773443369390,1773443374615,361279,361279
51,1195200000,1773443374636,1773443380188,359031,359031
52,1195200000,1773443380224,1773443385647,357975,357975
53,1191600000,1773443385683,1773443391081,360145,360145
54,1198800000,1773443391113,1773443395335,359395,359395
55,1198800000,1773443395368,1773443400091,362296,362296
56,1202400000,1773443400120,1773443405698,361534,361534
57,1202400000,1773443405732,1773443411427,360488,360488
58,1202400000,1773443411463,1773443416931,358732,358731
59,1191600000,1773443416965,1773443422145,358000,358000
60,1202400000,1773443422203,1773443427100,358406,358406
61,1202400000,1773443427132,1773443433175,361755,361755
62,1202400000,1773443433214,1773443439595,365454,365453
63,1202400000,1773443439627,1773443445574,361393,361393
64,1202400000,1773443445611,1773443451695,361810,361806
65,1191600000,1773443451734,1773443456089,358369,358369
66,1202400000,1773443456118,1773443462907,366099,366099
67,1202400000,1773443462948,1773443468389,358646,358645
68,1195200000,1773443468423,1773443472663,358070,358070
69,1198800000,1773443472687,1773443477816,358436,358436
70,1202400000,1773443477851,1773443483902,363248,363247
71,1191600000,1773443483929,1773443488020,356839,356839
72,1202400000,1773443488049,1773443492379,360903,360902
73,1202400000,1773443492400,1773443497265,362700,362698
74,1198800000,1773443497312,1773443502347,360024,360024
75,1202400000,1773443502374,1773443506474,356693,356691
76,1188000000,1773443506498,1773443512430,361365,361365
77,1202400000,1773443512464,1773443518582,362130,362130
78,1195200000,1773443518619,1773443524146,357087,357087
79,1202400000,1773443524185,1773443529479,359915,359913
80,1191600000,1773443529504,1773443533442,358958,358958
81,1202400000,1773443533480,1773443537908,363722,363722
82,1202400000,1773443537935,1773443543035,361059,361058
83,1195200000,1773443543074,1773443548638,358590,358590
84,1191600000,1773443548674,1773443553956,359266,359266
85,1198800000,1773443553982,1773443557901,358688,358688
86,1202400000,1773443557930,1773443562032,360411,360411
87,1191600000,1773443562061,1773443566428,359452,359452
88,1202400000,1773443566467,1773443572390,360945,360945
89,1191600000,1773443572422,1773443576984,357979,357979
90,1198800000,1773443577009,1773443581051,361911,361911
91,1195200000,1773443581083,1773443584938,359428,359428
92,1191600000,1773443584970,1773443589285,358097,358097
93,1195200000,1773443589327,1773443595236,361224,361224
94,1202400000,1773443595271,1773443601221,359895,359895
95,1202400000,1773443601262,1773443606044,357999,357998
96,1202400000,1773443606068,1773443609697,359768,359766
97,1184400000,1773443609725,1773443613619,359074,359074
98,1198800000,1773443613651,1773443619470,358852,358852
99,1188000000,1773443619503,1773443625261,359785,359785
100,1195200000,1773443625297,1773443631535,361743,361743
101,1198800000,1773443631570,1773443636570,359859,359859
102,1191600000,1773443636595,1773443640795,359406,359406
103,1198800000,1773443640819,1773443645469,361443,361443
104,1202400000,1773443645490,1773443650859,362874,362873
105,1202400000,1773443650891,1773443657041,361653,361653
106,1202400000,1773443657075,1773443662833,360202,360202
107,1202400000,1773443662873,1773443668453,359338,359337
108,1188000000,1773443668488,1773443673768,357431,357431
109,1198800000,1773443673800,1773443678987,357152,357152
110,1202400000,1773443679019,1773443684724,360124,360123
111,1191600000,1773443684758,1773443690502,359802,359802
112,1202400000,1773443690538,1773443694954,360248,360247
113,1198800000,1773443694976,1773443699787,359430,359430
114,1188000000,1773443699817,1773443703655,359263,359263
115,1195200000,1773443703676,1773443708356,354371,354371
116,1202400000,1773443708389,1773443713702,361375,361375
117,1195200000,1773443713729,1773443718151,359720,359720
118,1195200000,1773443718183,1773443722675,358898,358898
119,1195200000,1773443722709,1773443727790,363510,363510
120,1202400000,1773443727817,1773443732093,359276,359275
121,1195200000,1773443732130,1773443736320,360574,360574
122,1202400000,1773443736343,1773443740363,359755,359755
123,1191600000,1773443740400,1773443744592,359957,359957
124,1202400000,1773443744621,1773443749390,362591,362590
125,1191600000,1773443749423,1773443754039,362554,362554
126,1198800000,1773443754072,1773443759835,360846,360846
127,1202400000,1773443759868,1773443765391,357882,357882
128,1202400000,1773443765422,1773443771150,361472,361471
129,1195200000,1773443771186,1773443775752,359809,359809
130,1191600000,1773443775779,1773443781418,360036,360036
131,1195200000,1773443781451,1773443787393,361074,361074
132,1188000000,1773443787433,1773443792680,358287,358287
133,1202400000,1773443792706,1773443797304,358815,358814
134,1202400000,1773443797337,1773443803585,362928,362927
135,1195200000,1773443803619,1773443808521,358767,358767
136,1198800000,1773443808549,1773443812824,360622,360622
137,1198800000,1773443812854,1773443817768,358791,358791
138,1195200000,1773443817793,1773443823622,360806,360806
139,1191600000,1773443823656,1773443830081,362834,362834
140,1202400000,1773443830115,1773443835838,358469,358469
141,1195200000,1773443835872,1773443840356,359046,359046
142,1202400000,1773443840387,1773443845209,359610,359609
143,1202400000,1773443845243,1773443851031,359508,359506
144,1198800000,1773443851069,1773443857030,360364,360364
145,1198800000,1773443857063,1773443862791,359322,359322
146,1191600000,1773443862825,1773443867258,359700,359700
147,1195200000,1773443867291,1773443872725,361661,361661
148,1195200000,1773443872760,1773443878109,359680,359680
149,1202400000,1773443878134,1773443882193,357654,357654
150,1198800000,1773443882220,1773443887004,359821,359821
151,1202400000,1773443887034,1773443891588,359982,359981
152,1195200000,1773443891621,1773443897253,361041,361041
153,1198800000,1773443897289,1773443902285,359881,359881
154,1202400000,1773443902317,1773443907072,359580,359579
155,1195200000,1773443907121,1773443913085,361723,361723
156,1195200000,1773443913120,1773443918166,358521,358521
157,1198800000,1773443918205,1773443923937,358404,358404
158,1202400000,1773443923971,1773443930422,363373,363373
159,1202400000,1773443930457,1773443936468,361675,361675
160,1202400000,1773443936506,1773443942860,365006,365004
161,1198800000,1773443942895,1773443948595,358964,358964
162,1195200000,1773443948633,1773443953490,359415,359415
163,1202400000,1773443953518,1773443958684,359215,359213
164,1198800000,1773443958725,1773443964226,357450,357450
165,1198800000,1773443964259,1773443970184,360170,360170
166,1202400000,1773443970221,1773443976011,359796,359796
167,1202400000,1773443976041,1773443981548,358797,358796
168,1202400000,1773443981583,1773443987789,362459,362458
169,1195200000,1773443987824,1773443992090,356563,356563
170,1191600000,1773443992118,1773443996269,359964,359964
171,1202400000,1773443996304,1773444001513,358802,358801
172,1195200000,1773444001547,1773444007208,359715,359715
173,1198800000,1773444007242,1773444012263,357633,357633
174,1202400000,1773444012290,1773444017193,363758,363757
175,1198800000,1773444017229,1773444022877,357430,357430
176,1195200000,1773444022914,1773444028561,357882,357882
177,1191600000,1773444028597,1773444033068,360199,360199
178,1195200000,1773444033096,1773444037696,363968,363968
179,1198800000,1773444037727,1773444043276,360513,360513
180,1202400000,1773444043307,1773444048895,361864,361860
181,1198800000,1773444048931,1773444053180,359634,359634
182,1202400000,1773444053218,1773444058487,363138,363138
183,1195200000,1773444058511,1773444063601,357302,357302
184,1202400000,1773444063633,1773444069831,362047,362047
185,1195200000,1773444069866,1773444075480,359384,359384
186,1202400000,1773444075515,1773444081352,359863,359861
187,1184400000,1773444081382,1773444086634,356665,356665
188,1202400000,1773444086667,1773444092535,360935,360933
189,1202400000,1773444092575,1773444098173,361711,361711
190,1191600000,1773444098212,1773444103430,358700,358700
191,1191600000,1773444103469,1773444108691,360199,360199
192,1198800000,1773444108723,1773444113427,360954,360954
193,1202400000,1773444113459,1773444118749,362990,362989
194,1188000000,1773444118772,1773444122859,359984,359984
195,1191600000,1773444122888,1773444127043,362640,362640
196,1202400000,1773444127077,1773444131064,360884,360882
197,1202400000,1773444131103,1773444135105,359224,359224
198,1202400000,1773444135131,1773444139808,362773,362769
199,1202400000,1773444139834,1773444145023,360614,360613
200,1198800000,1773444145060,1773444150521,359104,359104
201,1191600000,1773444155037,1773444161142,359096,359096
202,1195200000,1773444161308,1773444167236,361476,361476
203,1202400000,1773444167306,1773444172677,358385,358385
204,1195200000,1773444172743,1773444176939,357754,357754
205,1198800000,1773444177000,1773444182954,362530,362530
206,1198800000,1773444183016,1773444187588,360563,360563
207,1202400000,1773444187656,1773444192754,359088,359086
208,1202400000,1773444192792,1773444198441,360558,360557
209,1188000000,1773444198474,1773444203560,357742,357742
210,1198800000,1773444203594,1773444208708,358948,358948
211,1198800000,1773444208745,1773444213648,357648,357648
212,1202400000,1773444213669,1773444218347,362831,362831
213,1191600000,1773444218384,1773444223818,358772,358772
214,1195200000,1773444223854,1773444229129,357069,357069
215,1198800000,1773444229163,1773444234455,358171,358171
216,1184400000,1773444234496,1773444239099,357558,357558
217,1184400000,1773444239131,1773444244137,357385,357385
218,1202400000,1773444244177,1773444249279,358892,358892
219,1188000000,1773444249301,1773444253193,359382,359382
220,1195200000,1773444253224,1773444257017,357065,357065
221,1195200000,1773444257053,1773444262646,359950,359950
222,1198800000,1773444262681,1773444268311,359486,359486
223,1198800000,1773444268344,1773444273563,359109,359109
224,1198800000,1773444273593,1773444279232,359878,359878
225,1198800000,1773444279278,1773444284412,357242,357242
226,1202400000,1773444284448,1773444290224,361176,361176
227,1202400000,1773444290264,1773444295198,359017,359017
228,1202400000,1773444295233,1773444300210,357612,357612
229,1188000000,1773444300231,1773444305439,357205,357205
230,1202400000,1773444305469,1773444310893,359277,359277
231,1202400000,1773444310928,1773444315670,358176,358176
232,1202400000,1773444315718,1773444321597,361390,361390
233,1195200000,1773444321631,1773444325857,361197,361197
234,1202400000,1773444325895,1773444330097,361020,361016
235,1202400000,1773444330129,1773444334999,360791,360790
236,1191600000,1773444335034,1773444339307,361139,361139
237,1184400000,1773444339342,1773444345531,363825,363825
238,1188000000,1773444345569,1773444351190,359333,359333
239,1202400000,1773444351229,1773444356801,361547,361545
240,1198800000,1773444356836,1773444362337,360881,360881
241,1202400000,1773444362370,1773444366802,361695,361694
242,1202400000,1773444366847,1773444371182,362177,362175
243,1195200000,1773444371222,1773444375266,358405,358405
244,1198800000,1773444375299,1773444380749,358660,358660
245,1198800000,1773444380782,1773444386461,359221,359221
246,1195200000,1773444386495,1773444392066,360631,360631
247,1198800000,1773444392105,1773444398453,364515,364515
248,1198800000,1773444398495,1773444403251,359109,359109
249,1198800000,1773444403284,1773444409131,360490,360490
250,1202400000,1773444409167,1773444414434,359730,359728
251,1202400000,1773444414465,1773444419949,360309,360308
252,1202400000,1773444419985,1773444425722,361254,361253
253,1195200000,1773444425761,1773444430070,358967,358967
254,1198800000,1773444430109,1773444435922,360066,360066
255,1202400000,1773444435953,1773444439989,357193,357193
256,1191600000,1773444440015,1773444445153,356819,356819
257,1184400000,1773444445189,1773444450640,357302,357302
258,1198800000,1773444450677,1773444455459,360151,360151
259,1198800000,1773444455489,1773444459316,358771,358771
260,1198800000,1773444459345,1773444463255,359867,359867
261,1202400000,1773444463281,1773444468206,360533,360533
262,1195200000,1773444468241,1773444473021,357605,357605
263,1198800000,1773444473060,1773444478947,359796,359796
264,1202400000,1773444478980,1773444484380,359950,359950
265,1191600000,1773444484409,1773444488507,355024,355024
266,1188000000,1773444488539,1773444493821,356993,356993
267,1202400000,1773444493853,1773444498995,357016,357016
268,1198800000,1773444499029,1773444504481,360116,360116
269,1202400000,1773444504516,1773444509000,357546,357546
270,1195200000,1773444509027,1773444513916,357646,357646
271,1202400000,1773444513952,1773444519113,361648,361647
272,1198800000,1773444519153,1773444523415,359099,359099
273,1198800000,1773444523439,1773444527376,359971,359971
274,1195200000,1773444527404,1773444532664,359380,359380
275,1198800000,1773444532697,1773444536831,356755,356755
276,1184400000,1773444536865,1773444541773,356397,356397
277,1195200000,1773444541807,1773444546540,355976,355976
278,1195200000,1773444546568,1773444550290,358545,358545
279,1198800000,1773444550320,1773444554274,360041,360041
280,1195200000,1773444554306,1773444558331,357108,357108
281,1195200000,1773444558369,1773444563763,359213,359213
282,1198800000,1773444563796,1773444567957,358748,358748
283,1198800000,1773444567991,1773444572319,360980,360980
284,1198800000,1773444572355,1773444577124,361892,361892
285,1195200000,1773444577157,1773444580829,357970,357970
286,1195200000,1773444580854,1773444585981,362789,362789
287,1191600000,1773444586015,1773444590548,358452,358452
288,1198800000,1773444590577,1773444595561,359811,359811
289,1202400000,1773444595594,1773444601571,361131,361130
290,1198800000,1773444601607,1773444607431,364308,364308
291,1195200000,1773444607469,1773444611692,360005,360005
292,1198800000,1773444611717,1773444616684,359227,359227
293,1202400000,1773444616718,1773444622160,359082,359082
294,1202400000,1773444622193,1773444627364,359744,359744
295,1198800000,1773444627402,1773444632692,357583,357583
296,1202400000,1773444632731,1773444637135,359540,359539
297,1191600000,1773444637168,1773444641498,359586,359586
298,1202400000,1773444641530,1773444645951,359916,359916
299,1198800000,1773444645986,1773444651058,353954,353954
300,1195200000,1773444651097,1773444656840,359458,359458
301,1184400000,1773444656870,1773444662149,355879,355879
302,1202400000,1773444662185,1773444668073,360350,360350
303,1202400000,1773444668108,1773444674415,362461,362459
304,1188000000,1773444674450,1773444679773,356199,356199
305,1198800000,1773444679806,1773444684783,359735,359735
306,1198800000,1773444684811,1773444689054,360171,360171
307,1202400000,1773444689089,1773444693363,361950,361950
308,1198800000,1773444693395,1773444697466,356774,356774
309,1195200000,1773444697494,1773444702014,359483,359483
310,1202400000,1773444702047,1773444706575,359164,359164
311,1202400000,1773444706602,1773444711696,356815,356815
312,1188000000,1773444711729,1773444717385,359699,359699
313,1195200000,1773444717422,1773444723447,361100,361100
314,1202400000,1773444723479,1773444728067,357583,357583
315,1202400000,1773444728086,1773444732691,364265,364265
316,1188000000,1773444732713,1773444736634,357746,357746
317,1202400000,1773444736668,1773444742794,362980,362978
318,1202400000,1773444742829,1773444748698,361084,361083
319,1202400000,1773444748733,1773444753316,361005,361005
320,1198800000,1773444753348,1773444758734,363905,363905
321,1195200000,1773444758768,1773444765016,362227,362227
322,1188000000,1773444765045,1773444770857,361330,361330
323,1191600000,1773444770892,1773444776575,358210,358210
324,1202400000,1773444776608,1773444782591,360620,360620
325,1202400000,1773444782626,1773444787306,359352,359352
326,1188000000,1773444787345,1773444792893,357954,357954
327,1202400000,1773444792928,1773444798461,360073,360073
328,1202400000,1773444798496,1773444804818,362729,362729
329,1191600000,1773444804850,1773444809702,360939,360939
330,1202400000,1773444809730,1773444813515,356328,356327
331,1198800000,1773444813548,1773444818970,358551,358551
332,1191600000,1773444819000,1773444824050,358320,358320
333,1198800000,1773444824078,1773444828534,357080,357080
334,1198800000,1773444828566,1773444834144,359612,359612
335,1202400000,1773444834192,1773444840323,359046,359046
336,1202400000,1773444840359,1773444845847,361337,361336
337,1191600000,1773444845894,1773444851101,360731,360731
338,1195200000,1773444851137,1773444856585,358223,358223
339,1191600000,1773444856606,1773444861873,359879,359879
340,1202400000,1773444861910,1773444867454,358485,358484
341,1191600000,1773444867490,1773444873058,360615,360615
342,1202400000,1773444873097,1773444879013,361274,361274
343,1198800000,1773444879051,1773444884434,359404,359404
344,1202400000,1773444884473,1773444889989,358658,358658
345,1202400000,1773444890026,1773444896063,359727,359727
346,1198800000,1773444896098,1773444901674,357457,357457
347,1202400000,1773444901708,1773444907155,360337,360336
348,1202400000,1773444907200,1773444913577,361577,361577
349,1188000000,1773444913614,1773444919357,359863,359863
350,1191600000,1773444919396,1773444925034,357980,357980
351,1188000000,1773444925071,1773444930747,362049,362049
352,1188000000,1773444930786,1773444936317,358686,358686
353,1195200000,1773444936354,1773444941009,359946,359946
354,1202400000,1773444941033,1773444946591,359900,359900
355,1195200000,1773444946625,1773444951950,359950,359950
356,1202400000,1773444951982,1773444958262,364062,364059
357,1198800000,1773444958301,1773444964236,361244,361244
358,1198800000,1773444964277,1773444969645,357734,357734
359,1202400000,1773444969676,1773444975094,360567,360567
360,1198800000,1773444975131,1773444981289,358134,358134
361,1198800000,1773444981328,1773444987375,361155,361155
362,1198800000,1773444987408,1773444993530,360526,360526
363,1202400000,1773444993575,1773444999776,359146,359146
364,1188000000,1773444999813,1773445005276,357984,357984
365,1202400000,1773445005310,1773445011414,362126,362126
366,1198800000,1773445011449,1773445017014,356265,356265
367,1202400000,1773445017047,1773445022055,359603,359599
368,1188000000,1773445022080,1773445026445,354750,354750
369,1202400000,1773445026486,1773445032603,360785,360785
370,1184400000,1773445032628,1773445039023,361478,361478
371,1198800000,1773445039064,1773445044368,353768,353768
372,1202400000,1773445044403,1773445050277,363588,363587
373,1198800000,1773445050316,1773445056658,360889,360889
374,1202400000,1773445056711,1773445062321,359464,359464
375,1202400000,1773445062362,1773445067352,360140,360140
376,1191600000,1773445067388,1773445072644,360411,360411
377,1191600000,1773445072683,1773445078087,358775,358775
378,1202400000,1773445078126,1773445084327,362650,362650
379,1198800000,1773445084364,1773445090417,362158,362158
380,1195200000,1773445090457,1773445096474,358858,358858
381,1198800000,1773445096511,1773445101843,359722,359722
382,1202400000,1773445101880,1773445108165,360054,360052
383,1195200000,1773445108203,1773445114186,360389,360389
384,1195200000,1773445114211,1773445120278,364323,364323
385,1202400000,1773445120308,1773445125155,357498,357497
386,1195200000,1773445125190,1773445131014,358831,358831
387,1184400000,1773445131049,1773445136304,357686,357686
388,1191600000,1773445136334,1773445141726,362654,362654
389,1202400000,1773445141780,1773445147666,361570,361569
390,1202400000,1773445147708,1773445153096,358075,358074
391,1198800000,1773445153135,1773445158783,359832,359832
392,1202400000,1773445158818,1773445163358,359697,359697
393,1198800000,1773445163396,1773445169082,362052,362052
394,1198800000,1773445169112,1773445173487,360757,360757
395,1191600000,1773445173513,1773445179319,360753,360753
396,1188000000,1773445179356,1773445185475,361319,361319
397,1198800000,1773445185513,1773445191168,365038,365038
398,1188000000,1773445191221,1773445196364,358507,358507
399,1202400000,1773445196401,1773445202064,363128,363127
400,1198800000,1773445202102,1773445207254,360471,360471
401,1195200000,1773445212729,1773445220220,360659,360659
402,1198800000,1773445220451,1773445226414,359871,359871
403,1198800000,1773445226529,1773445232236,360149,360149
404,1198800000,1773445232308,1773445238480,362331,362331
405,1202400000,1773445238574,1773445243922,360079,360078
406,1198800000,1773445244018,1773445249121,357746,357746
407,1202400000,1773445249209,1773445255401,363120,363120
408,1191600000,1773445255446,1773445261695,361070,361070
409,1195200000,1773445261732,1773445266292,359742,359742
410,1195200000,1773445266333,1773445271889,362128,362128
411,1202400000,1773445271929,1773445278212,360984,360984
412,1202400000,1773445278259,1773445283442,360276,360276
413,1202400000,1773445283476,1773445289175,358832,358831
414,1202400000,1773445289221,1773445294477,362040,362040
415,1195200000,1773445294514,1773445300537,360819,360819
416,1198800000,1773445300576,1773445305555,358357,358357
417,1202400000,1773445305589,1773445311261,359322,359321
418,1202400000,1773445311303,1773445316366,361289,361288
419,1202400000,1773445316403,1773445321880,358712,358712
420,1202400000,1773445321918,1773445327908,360126,360126
421,1188000000,1773445327941,1773445333880,359474,359474
422,1198800000,1773445333924,1773445339202,357810,357810
423,1198800000,1773445339235,1773445344890,360289,360289
424,1188000000,1773445344928,1773445349950,357422,357422
425,1198800000,1773445349990,1773445355363,358566,358566
426,1198800000,1773445355411,1773445362099,362572,362572
427,1198800000,1773445362147,1773445367548,359969,359969
428,1195200000,1773445367585,1773445372811,358282,358282
429,1202400000,1773445372849,1773445378448,360738,360736
430,1202400000,1773445378493,1773445382646,356953,356953
431,1202400000,1773445382688,1773445387301,359425,359425
432,1195200000,1773445387337,1773445392215,357470,357470
433,1188000000,1773445392258,1773445397512,356766,356766
434,1191600000,1773445397550,1773445402499,358333,358333
435,1202400000,1773445402543,1773445408498,358077,358077
436,1195200000,1773445408533,1773445414532,359517,359517
437,1195200000,1773445414574,1773445420775,359793,359793
438,1202400000,1773445420842,1773445426580,357011,357011
439,1195200000,1773445426619,1773445433158,361969,361969
440,1202400000,1773445433206,1773445438828,357707,357706
441,1202400000,1773445438866,1773445444388,361065,361063
442,1202400000,1773445444424,1773445450553,363678,363678
443,1191600000,1773445450591,1773445455538,359861,359861
444,1198800000,1773445455574,1773445460402,358488,358488
445,1195200000,1773445460440,1773445466458,357086,357086
446,1195200000,1773445466497,1773445472579,359716,359716
447,1198800000,1773445472623,1773445477821,359058,359058
448,1202400000,1773445477850,1773445483734,360086,360083
449,1195200000,1773445483775,1773445489445,360646,360646
450,1195200000,1773445489482,1773445495584,360057,360057
451,1191600000,1773445495621,1773445501621,364378,364378
452,1198800000,1773445501657,1773445507336,357174,357174
453,1195200000,1773445507375,1773445514567,366039,366039
454,1195200000,1773445514622,1773445521647,363836,363836
455,1198800000,1773445521676,1773445526847,358234,358234
456,1195200000,1773445526886,1773445532716,360938,360938
457,1202400000,1773445532756,1773445538740,359054,359054
458,1202400000,1773445538777,1773445545195,361094,361094
459,1191600000,1773445545234,1773445550751,357012,357012
460,1198800000,1773445550787,1773445556636,359537,359537
461,1195200000,1773445556675,1773445562586,359118,359118
462,1191600000,1773445562625,1773445568573,359133,359133
463,1202400000,1773445568609,1773445574445,360658,360658
464,1188000000,1773445574485,1773445579696,356564,356564
465,1198800000,1773445579737,1773445585637,359681,359681
466,1195200000,1773445585676,1773445591577,358504,358504
467,1198800000,1773445591622,1773445598088,362466,362466
468,1198800000,1773445598124,1773445603265,362092,362092
469,1195200000,1773445603292,1773445609071,362490,362490
470,1202400000,1773445609108,1773445614782,358188,358188
471,1202400000,1773445614805,1773445618558,356560,356560
472,1198800000,1773445618593,1773445623520,358889,358889
473,1191600000,1773445623555,1773445627946,356199,356199
474,1191600000,1773445627981,1773445633582,356845,356845
475,1191600000,1773445633628,1773445639555,362373,362373
476,1191600000,1773445639596,1773445645750,360727,360727
477,1202400000,1773445645798,1773445651310,362844,362843
478,1202400000,1773445651341,1773445656165,357737,357737
479,1202400000,1773445656221,1773445661715,361136,361134
480,1202400000,1773445661752,1773445667504,359120,359119
481,1195200000,1773445667543,1773445673757,360880,360880
482,1198800000,1773445673795,1773445678978,359938,359938
483,1202400000,1773445679011,1773445684998,363751,363749
484,1202400000,1773445685030,1773445691200,363170,363169
485,1198800000,1773445691237,1773445697543,359397,359397
486,1191600000,1773445697579,1773445703208,356567,356567
487,1198800000,1773445703247,1773445709511,358708,358708
488,1191600000,1773445709557,1773445715577,360554,360554
489,1188000000,1773445715612,1773445721329,359370,359370
490,1202400000,1773445721370,1773445726714,360041,360040
491,1198800000,1773445726749,1773445732504,358536,358536
492,1195200000,1773445732541,1773445737724,356329,356329
493,1195200000,1773445737759,1773445743767,358981,358981
494,1202400000,1773445743805,1773445748791,358524,358523
495,1202400000,1773445748832,1773445754668,359572,359572
496,1202400000,1773445754706,1773445760212,361298,361298
497,1202400000,1773445760252,1773445766024,358810,358809
498,1202400000,1773445766060,1773445771295,359201,359201
499,1198800000,1773445771335,1773445776615,361494,361494
500,1198800000,1773445776638,1773445781275,357638,357638
501,1202400000,1773445781302,1773445787567,364297,364295
502,1188000000,1773445787606,1773445793131,355518,355518
503,1195200000,1773445793167,1773445798364,360681,360681
504,1198800000,1773445798402,1773445804023,361062,361062
505,1202400000,1773445804057,1773445809582,360201,360201
506,1191600000,1773445809614,1773445815087,355970,355970
507,1198800000,1773445815122,1773445820879,360542,360542
508,1198800000,1773445820917,1773445826668,359542,359542
509,1195200000,1773445826702,1773445831990,357939,357939
510,1198800000,1773445832034,1773445837464,359200,359200
511,1198800000,1773445837498,1773445842780,363378,363378
512,1191600000,1773445842823,1773445847916,356064,356064
513,1198800000,1773445847954,1773445852852,357843,357843
514,1198800000,1773445852879,1773445858181,358877,358877
515,1198800000,1773445858220,1773445864565,359129,359129
516,1198800000,1773445864604,1773445869994,356862,356862
517,1202400000,1773445870031,1773445876667,363966,363966
518,1202400000,1773445876690,1773445882554,359964,359962
519,1195200000,1773445882590,1773445888724,360364,360364
520,1198800000,1773445888764,1773445895570,363255,363255
521,1198800000,1773445895618,1773445901583,357531,357531
522,1195200000,1773445901621,1773445907904,359546,359546
523,1202400000,1773445907944,1773445914142,361110,361110
524,1195200000,1773445914183,1773445920465,360905,360905
525,1195200000,1773445920503,1773445926093,360354,360354
526,1195200000,1773445926132,1773445930875,357324,357324
527,1202400000,1773445930903,1773445935833,360944,360943
528,1195200000,1773445935870,1773445940446,357232,357232
529,1195200000,1773445940475,1773445946052,361899,361899
530,1198800000,1773445946093,1773445952648,360532,360532
531,1191600000,1773445952687,1773445957624,354790,354790
532,1195200000,1773445957661,1773445963602,360159,360159
533,1202400000,1773445963627,1773445970074,361608,361608
534,1191600000,1773445970116,1773445976005,361487,361487
535,1202400000,1773445976043,1773445982279,362668,362668
536,1198800000,1773445982319,1773445988167,358049,358049
537,1195200000,1773445988205,1773445993528,361939,361939
538,1202400000,1773445993567,1773445998865,363255,363254
539,1202400000,1773445998901,1773446004029,358049,358049
540,1198800000,1773446004066,1773446010332,358646,358646
541,1198800000,1773446010374,1773446016954,359524,359524
542,1202400000,1773446016993,1773446022861,359907,359906
543,1202400000,1773446022900,1773446028172,361424,361424
544,1202400000,1773446028213,1773446033893,362442,362442
545,1195200000,1773446033929,1773446039263,359563,359563
546,1195200000,1773446039304,1773446044231,357903,357903
547,1191600000,1773446044261,1773446049440,358462,358462
548,1202400000,1773446049476,1773446054637,358866,358866
549,1202400000,1773446054673,1773446060013,357194,357194
550,1202400000,1773446060057,1773446066085,358909,358909
551,1191600000,1773446066123,1773446071794,358746,358746
552,1202400000,1773446071841,1773446077559,361256,361256
553,1191600000,1773446077595,1773446083231,359386,359386
554,1198800000,1773446083271,1773446089743,360961,360961
555,1195200000,1773446089783,1773446095716,360785,360785
556,1198800000,1773446095762,1773446102165,360809,360809
557,1202400000,1773446102198,1773446108200,361396,361396
558,1202400000,1773446108237,1773446113829,359364,359364
559,1195200000,1773446113858,1773446119854,358577,358577
560,1188000000,1773446119893,1773446125943,360145,360145
561,1188000000,1773446125980,1773446131316,361070,361070
562,1198800000,1773446131351,1773446136673,360983,360983
563,1202400000,1773446136699,1773446141934,359506,359504
564,1202400000,1773446141958,1773446147842,361306,361306
565,1202400000,1773446147867,1773446153053,359430,359429
566,1191600000,1773446153092,1773446159146,362548,362548
567,1188000000,1773446159185,1773446164136,357095,357095
568,1202400000,1773446164173,1773446170350,359504,359504
569,1198800000,1773446170388,1773446175556,356431,356431
570,1195200000,1773446175592,1773446181602,361130,361130
571,1198800000,1773446181641,1773446187967,359198,359198
572,1188000000,1773446188006,1773446193733,359323,359323
573,1191600000,1773446193770,1773446198666,354484,354484
574,1198800000,1773446198700,1773446203728,361793,361793
575,1202400000,1773446203758,1773446209198,362512,362512
576,1202400000,1773446209238,1773446215189,359023,359023
577,1198800000,1773446215229,1773446221706,364092,364092
578,1198800000,1773446221745,1773446227136,358422,358422
579,1198800000,1773446227172,1773446232233,360601,360601
580,1195200000,1773446232269,1773446237126,356849,356849
581,1202400000,1773446237185,1773446242431,356683,356682
582,1191600000,1773446242470,1773446248254,355932,355932
583,1202400000,1773446248287,1773446253722,359809,359809
584,1191600000,1773446253752,1773446259575,362222,362222
585,1198800000,1773446259615,1773446264592,360260,360260
586,1198800000,1773446264626,1773446271419,361867,361867
587,1195200000,1773446271458,1773446277901,362423,362423
588,1195200000,1773446277935,1773446284093,362526,362526
589,1198800000,1773446284133,1773446289881,360248,360248
590,1191600000,1773446289916,1773446295440,357782,357782
591,1191600000,1773446295483,1773446302017,363433,363433
592,1195200000,1773446302054,1773446308075,360940,360940
593,1191600000,1773446308127,1773446313541,357783,357783
594,1202400000,1773446313578,1773446318953,360311,360311
595,1198800000,1773446318990,1773446325908,361582,361582
596,1202400000,1773446325946,1773446332568,361117,361117
597,1202400000,1773446332613,1773446337596,358280,358280
598,1195200000,1773446337624,1773446343530,360413,360413
599,1191600000,1773446343566,1773446349703,360412,360412
600,1202400000,1773446349743,1773446354823,358930,358930
601,1202400000,1773446360091,1773446366476,358008,358008
602,1195200000,1773446366662,1773446371358,357893,357893
603,1198800000,1773446371451,1773446376281,358282,358282
604,1191600000,1773446376357,1773446382191,359831,359831
605,1188000000,1773446382264,1773446387363,358615,358615
606,1202400000,1773446387432,1773446393908,361700,361698
607,1191600000,1773446394002,1773446399827,360847,360847
608,1195200000,1773446399872,1773446405359,358482,358482
609,1202400000,1773446405409,1773446410723,356398,356398
610,1198800000,1773446410762,1773446415870,360868,360868
611,1202400000,1773446415896,1773446421312,360263,360262
612,1191600000,1773446421353,1773446426277,359844,359844
613,1195200000,1773446426311,1773446431133,359789,359789
614,1188000000,1773446431164,1773446435887,358001,358001
615,1195200000,1773446435926,1773446441184,359576,359576
616,1195200000,1773446441228,1773446446835,358855,358855
617,1188000000,1773446446874,1773446452288,357759,357759
618,1188000000,1773446452324,1773446458230,359292,359292
619,1198800000,1773446458271,1773446463560,360611,360611
620,1202400000,1773446463604,1773446470473,363624,363623
621,1195200000,1773446470516,1773446476070,358967,358967
622,1191600000,1773446476111,1773446482305,360665,360665
623,1188000000,1773446482344,1773446488182,357188,357188
624,1195200000,1773446488210,1773446493600,358426,358426
625,1202400000,1773446493635,1773446499584,362612,362609
626,1202400000,1773446499617,1773446505285,358181,358180
627,1202400000,1773446505320,1773446511233,358762,358760
628,1195200000,1773446511278,1773446517039,358153,358153
629,1191600000,1773446517076,1773446523153,359527,359527
630,1191600000,1773446523192,1773446529708,361085,361085
631,1195200000,1773446529761,1773446535432,357961,357961
632,1202400000,1773446535470,1773446541633,362645,362645
633,1198800000,1773446541678,1773446547581,360436,360436
634,1202400000,1773446547618,1773446554068,359507,359507
635,1184400000,1773446554100,1773446559809,361431,361431
636,1191600000,1773446559856,1773446565833,357801,357801
637,1202400000,1773446565872,1773446571970,358686,358686
638,1198800000,1773446572009,1773446578709,361172,361172
639,1198800000,1773446578752,1773446584233,358942,358942
640,1191600000,1773446584265,1773446590679,362825,362825
641,1191600000,1773446590739,1773446596097,358403,358403
642,1202400000,1773446596135,1773446602290,359622,359622
643,1198800000,1773446602336,1773446608806,361767,361767
644,1202400000,1773446608844,1773446615717,362522,362522
645,1195200000,1773446615757,1773446621273,360665,360665
646,1191600000,1773446621309,1773446626870,360011,360011
647,1198800000,1773446626894,1773446633113,360977,360977
648,1202400000,1773446633150,1773446639124,360565,360565
649,1195200000,1773446639160,1773446645273,362000,362000
650,1195200000,1773446645304,1773446651939,362521,362521
651,1198800000,1773446651977,1773446656936,355990,355990
652,1195200000,1773446656977,1773446662423,359730,359730
653,1195200000,1773446662452,1773446668140,358827,358827
654,1191600000,1773446668192,1773446673380,355558,355558
655,1195200000,1773446673414,1773446678406,354646,354646
656,1202400000,1773446678436,1773446684460,361614,361612
657,1198800000,1773446684501,1773446690781,358925,358925
658,1195200000,1773446690817,1773446697423,360711,360711
659,1188000000,1773446697456,1773446702433,356787,356787
660,1198800000,1773446702468,1773446707561,359342,359342
661,1195200000,1773446707594,1773446713529,358241,358241
662,1198800000,1773446713566,1773446718476,357888,357888
663,1191600000,1773446718515,1773446722851,360283,360283
664,1202400000,1773446722887,1773446728753,358331,358330
665,1202400000,1773446728799,1773446733965,356837,356836
666,1202400000,1773446733993,1773446740905,363793,363793
667,1191600000,1773446740944,1773446745922,358363,358363
668,1191600000,1773446745958,1773446750587,356273,356273
669,1188000000,1773446750625,1773446756948,360543,360543
670,1202400000,1773446756988,1773446762677,355770,355768
671,1195200000,1773446762718,1773446769656,363214,363214
672,1195200000,1773446769695,1773446774800,356397,356397
673,1202400000,1773446774836,1773446780352,362024,362024
674,1198800000,1773446780392,1773446785591,358213,358213
675,1198800000,1773446785627,1773446791128,357540,357540
676,1198800000,1773446791171,1773446797112,359488,359488
677,1198800000,1773446797157,1773446802589,360218,360218
678,1195200000,1773446802626,1773446808320,362871,362871
679,1202400000,1773446808346,1773446814737,360834,360834
680,1202400000,1773446814778,1773446820079,361828,361827
681,1191600000,1773446820109,1773446826233,362314,362314
682,1191600000,1773446826272,1773446831687,356168,356168
683,1202400000,1773446831728,1773446837765,361217,361215
684,1202400000,1773446837807,1773446842082,358466,358465
685,1198800000,1773446842123,1773446846904,357734,357734
686,1195200000,1773446846938,1773446851778,358098,358098
687,1202400000,1773446851815,1773446856621,359842,359841
688,1202400000,1773446856659,1773446863087,363341,363340
689,1202400000,1773446863135,1773446868801,358505,358505
690,1195200000,1773446868842,1773446874465,358930,358930
691,1202400000,1773446874501,1773446879567,360082,360082
692,1198800000,1773446879602,1773446885539,360428,360428
693,1188000000,1773446885579,1773446891832,360875,360875
694,1198800000,1773446891878,1773446897953,356283,356283
695,1188000000,1773446897989,1773446903688,359164,359164
696,1195200000,1773446903723,1773446909728,360858,360858
697,1202400000,1773446909762,1773446915863,362613,362612
698,1202400000,1773446915899,1773446921800,359041,359041
699,1198800000,1773446921831,1773446926634,358787,358787
700,1195200000,1773446926668,1773446931527,355862,355862
701,1198800000,1773446931567,1773446937774,360556,360556
702,1202400000,1773446937813,1773446942766,358696,358696
703,1198800000,1773446942793,1773446947934,360024,360024
704,1191600000,1773446947973,1773446954530,363953,363953
705,1202400000,1773446954568,1773446959924,358513,358513
706,1198800000,1773446959963,1773446965011,357876,357876
707,1202400000,1773446965046,1773446971221,359697,359696
708,1198800000,1773446971260,1773446976595,357073,357073
709,1202400000,1773446976629,1773446981779,356822,356822
710,1202400000,1773446981813,1773446987135,358565,358564
711,1198800000,1773446987172,1773446992677,360450,360450
712,1195200000,1773446992716,1773446998175,357485,357485
713,1195200000,1773446998214,1773447004445,358613,358613
714,1198800000,1773447004483,1773447010550,360245,360245
715,1202400000,1773447010594,1773447014887,358541,358541
716,1198800000,1773447014919,1773447021495,362682,362682
717,1191600000,1773447021520,1773447026853,360148,360148
718,1188000000,1773447026898,1773447032639,355391,355391
719,1202400000,1773447032675,1773447038759,364490,364488
720,1202400000,1773447038801,1773447044808,363594,363594
721,1198800000,1773447044847,1773447050958,360195,360195
722,1195200000,1773447050995,1773447057044,359255,359255
723,1202400000,1773447057085,1773447063480,360754,360754
724,1198800000,1773447063519,1773447069759,361200,361200
725,1198800000,1773447069798,1773447075847,360290,360290
726,1198800000,1773447075891,1773447081664,357455,357455
727,1195200000,1773447081702,1773447087919,362530,362530
728,1195200000,1773447087964,1773447094710,363414,363414
729,1188000000,1773447094751,1773447100880,359374,359374
730,1195200000,1773447100922,1773447106626,357828,357828
731,1202400000,1773447106651,1773447112195,359485,359485
732,1198800000,1773447112228,1773447117436,357745,357745
733,1202400000,1773447117474,1773447123892,361087,361087
734,1202400000,1773447123932,1773447130767,363598,363597
735,1202400000,1773447130805,1773447136890,359441,359441
736,1198800000,1773447136920,1773447142747,357119,357119
737,1188000000,1773447142785,1773447148609,355649,355649
738,1191600000,1773447148645,1773447154703,359638,359638
739,1191600000,1773447154742,1773447159983,359623,359623
740,1191600000,1773447160019,1773447164614,356973,356973
741,1202400000,1773447164650,1773447170769,362240,362238
742,1191600000,1773447170808,1773447177020,360036,360036
743,1195200000,1773447177064,1773447182921,359795,359795
744,1198800000,1773447182958,1773447188099,359094,359094
745,1191600000,1773447188137,1773447194199,359261,359261
746,1195200000,1773447194236,1773447200934,362448,362448
747,1195200000,1773447200971,1773447206129,360678,360678
748,1202400000,1773447206167,1773447212551,359648,359647
749,1195200000,1773447212591,1773447218394,357086,357086
750,1202400000,1773447218430,1773447224647,362116,362115
751,1198800000,1773447224680,1773447229930,359482,359482
752,1198800000,1773447229971,1773447235398,360078,360078
753,1198800000,1773447235435,1773447241365,359947,359947
754,1198800000,1773447241389,1773447247384,357194,357194
755,1202400000,1773447247420,1773447253548,363249,363246
756,1198800000,1773447253587,1773447260157,359834,359834
757,1198800000,1773447260196,1773447266060,357660,357660
758,1198800000,1773447266090,1773447271447,360375,360375
759,1188000000,1773447271484,1773447276611,356656,356656
760,1195200000,1773447276650,1773447281611,357533,357533
761,1191600000,1773447281650,1773447287245,355963,355963
762,1202400000,1773447287269,1773447293646,361247,361244
763,1195200000,1773447293692,1773447299363,359802,359802
764,1195200000,1773447299400,1773447304645,358230,358230
765,1195200000,1773447304682,1773447310797,361178,361178
766,1188000000,1773447310834,1773447315197,354477,354477
767,1198800000,1773447315224,1773447320769,359001,359001
768,1188000000,1773447320793,1773447325988,359827,359827
769,1195200000,1773447326024,1773447330881,359029,359029
770,1191600000,1773447330917,1773447336677,357927,357927
771,1202400000,1773447336700,1773447342807,363487,363487
772,1202400000,1773447342865,1773447347826,358955,358953
773,1202400000,1773447347857,1773447353646,362178,362177
774,1202400000,1773447353686,1773447358953,361756,361754
775,1198800000,1773447358989,1773447364543,359874,359874
776,1202400000,1773447364580,1773447370580,361723,361722
777,1191600000,1773447370617,1773447376555,357469,357469
778,1188000000,1773447376593,1773447382377,360764,360764
779,1202400000,1773447382411,1773447388061,361293,361293
780,1202400000,1773447388094,1773447393707,362346,362346
781,1202400000,1773447393748,1773447399871,360948,360946
782,1198800000,1773447399908,1773447405445,361087,361087
783,1188000000,1773447405473,1773447410655,358574,358574
784,1191600000,1773447410688,1773447417067,359371,359371
785,1202400000,1773447417106,1773447423422,361055,361055
786,1202400000,1773447423458,1773447430563,364259,364256
787,1202400000,1773447430613,1773447436542,360895,360894
788,1195200000,1773447436578,1773447442282,359554,359554
789,1198800000,1773447442314,1773447447421,356823,356823
790,1202400000,1773447447458,1773447452962,357930,357930
791,1202400000,1773447452999,1773447457575,356371,356369
792,1198800000,1773447457609,1773447462309,357443,357443
793,1195200000,1773447462347,1773447466815,356771,356771
794,1202400000,1773447466857,1773447472209,362021,362021
795,1191600000,1773447472246,1773447477022,358963,358963
796,1191600000,1773447477069,1773447482169,358608,358608
797,1198800000,1773447482197,1773447488583,359907,359907
798,1198800000,1773447488632,1773447495558,363412,363412
799,1202400000,1773447495593,1773447500803,360022,360021
800,1195200000,1773447500841,1773447507149,361187,361187
801,1191600000,1773447512134,1773447517788,354335,354335
802,1198800000,1773447517921,1773447524578,361284,361284
803,1202400000,1773447524686,1773447530184,358267,358266
804,1195200000,1773447530258,1773447535948,358341,358341
805,1188000000,1773447536021,1773447541468,360195,360195
806,1198800000,1773447541539,1773447547319,359326,359326
807,1195200000,1773447547401,1773447553190,359610,359610
808,1198800000,1773447553231,1773447559262,360549,360549
809,1191600000,1773447559303,1773447564812,357487,357487
810,1202400000,1773447564842,1773447570745,357106,357106
811,1195200000,1773447570787,1773447577247,361360,361360
812,1198800000,1773447577308,1773447582164,359562,359562
813,1195200000,1773447582208,1773447588125,362492,362492
814,1195200000,1773447588160,1773447592672,357922,357922
815,1184400000,1773447592700,1773447597282,359231,359231
816,1188000000,1773447597310,1773447603175,361846,361846
817,1195200000,1773447603211,1773447608701,360936,360936
818,1195200000,1773447608754,1773447614400,361988,361988
819,1202400000,1773447614440,1773447620232,359643,359643
820,1195200000,1773447620272,1773447626505,361404,361404
821,1198800000,1773447626549,1773447632587,362127,362127
822,1202400000,1773447632635,1773447639313,364101,364099
823,1202400000,1773447639351,1773447644901,359084,359084
824,1195200000,1773447644953,1773447651477,360622,360622
825,1198800000,1773447651512,1773447657808,362411,362411
826,1195200000,1773447657848,1773447663703,359322,359322
827,1202400000,1773447663745,1773447668893,360359,360359
828,1195200000,1773447668926,1773447673987,360721,360721
829,1198800000,1773447674023,1773447680056,359273,359273
830,1198800000,1773447680095,1773447685130,357712,357712
831,1202400000,1773447685171,1773447692347,362361,362360
832,1202400000,1773447692407,1773447697771,358395,358394
833,1195200000,1773447697806,1773447702508,354707,354707
834,1202400000,1773447702533,1773447708160,358623,358623
835,1202400000,1773447708196,1773447714181,362555,362554
836,1202400000,1773447714221,1773447719259,359475,359475
837,1202400000,1773447719298,1773447725686,359361,359361
838,1188000000,1773447725727,1773447731332,359648,359648
839,1191600000,1773447731378,1773447736583,355149,355149
840,1202400000,1773447736609,1773447743263,360660,360660
841,1195200000,1773447743310,1773447749569,361889,361889
842,1191600000,1773447749616,1773447755428,360542,360542
843,1202400000,1773447755471,1773447762110,360959,360959
844,1202400000,1773447762146,1773447768725,361224,361223
845,1195200000,1773447768748,1773447775458,363940,363940
846,1202400000,1773447775497,1773447781474,359510,359509
847,1198800000,1773447781509,1773447787887,360552,360552
848,1202400000,1773447787923,1773447793530,360113,360112
849,1191600000,1773447793568,1773447798961,355564,355564
850,1198800000,1773447798999,1773447804540,357158,357158
851,1191600000,1773447804575,1773447810771,360654,360654
852,1191600000,1773447810808,1773447816285,361310,361310
853,1195200000,1773447816310,1773447822398,358776,358776
854,1195200000,1773447822435,1773447827607,358072,358072
855,1198800000,1773447827658,1773447832526,357304,357304
856,1202400000,1773447832558,1773447839097,360721,360720
857,1198800000,1773447839144,1773447844856,359020,359020
858,1195200000,1773447844889,1773447850399,355359,355359
859,1198800000,1773447850436,1773447856125,356598,356598
860,1191600000,1773447856162,1773447861269,356668,356668
861,1191600000,1773447861307,1773447866482,359859,359859
862,1191600000,1773447866512,1773447872574,360064,360064
863,1198800000,1773447872613,1773447878305,358371,358371
864,1202400000,1773447878337,1773447884612,358854,358853
865,1202400000,1773447884649,1773447890828,359784,359784
866,1191600000,1773447890865,1773447895887,356502,356502
867,1198800000,1773447895915,1773447901587,358953,358953
868,1195200000,1773447901619,1773447907533,358586,358586
869,1195200000,1773447907570,1773447913245,356884,356884
870,1202400000,1773447913290,1773447919631,357628,357626
871,1191600000,1773447919679,1773447924655,357944,357944
872,1195200000,1773447924691,1773447929963,358330,358330
873,1195200000,1773447929999,1773447936760,364925,364925
874,1202400000,1773447936793,1773447942916,360251,360251
875,1202400000,1773447942954,1773447950033,362569,362568
876,1202400000,1773447950058,1773447956161,359920,359920
877,1188000000,1773447956194,1773447962566,360541,360541
878,1202400000,1773447962605,1773447968405,357097,357097
879,1202400000,1773447968442,1773447974255,361859,361858
880,1202400000,1773447974293,1773447979780,361288,361287
881,1198800000,1773447979818,1773447985787,359791,359791
882,1198800000,1773447985824,1773447991394,360235,360235
883,1195200000,1773447991431,1773447997392,360723,360723
884,1195200000,1773447997433,1773448002985,357501,357501
885,1198800000,1773448003023,1773448009590,360613,360613
886,1202400000,1773448009632,1773448015608,358153,358151
887,1202400000,1773448015638,1773448021968,360922,360922
888,1195200000,1773448022001,1773448027390,356812,356812
889,1198800000,1773448027428,1773448033670,362026,362026
890,1202400000,1773448033714,1773448039978,357826,357826
891,1198800000,1773448040017,1773448046071,358825,358825
892,1188000000,1773448046105,1773448051045,358258,358258
893,1202400000,1773448051082,1773448055386,358453,358452
894,1195200000,1773448055425,1773448060936,360498,360498
895,1195200000,1773448060980,1773448066499,357272,357272
896,1195200000,1773448066538,1773448072045,358103,358103
897,1198800000,1773448072089,1773448077691,359473,359473
898,1195200000,1773448077728,1773448083955,362231,362231
899,1195200000,1773448083993,1773448089858,358471,358471
900,1198800000,1773448089895,1773448096284,361990,361990
901,1191600000,1773448096319,1773448101067,357966,357966
902,1195200000,1773448101105,1773448106795,356138,356138
903,1184400000,1773448106832,1773448113033,360448,360448
904,1195200000,1773448113073,1773448119384,360362,360362
905,1191600000,1773448119414,1773448124316,359096,359096
906,1184400000,1773448124358,1773448130031,361886,361886
907,1191600000,1773448130067,1773448135684,356009,356009
908,1202400000,1773448135727,1773448141663,361422,361419
909,1202400000,1773448141701,1773448147964,360430,360430
910,1198800000,1773448148006,1773448154238,359973,359973
911,1198800000,1773448154279,1773448160022,360119,360119
912,1202400000,1773448160060,1773448165596,361526,361526
913,1191600000,1773448165634,1773448171915,361000,361000
914,1198800000,1773448171952,1773448178219,364103,364103
915,1202400000,1773448178258,1773448183741,359627,359627
916,1188000000,1773448183778,1773448188920,359271,359271
917,1191600000,1773448188971,1773448194629,361209,361209
918,1195200000,1773448194665,1773448199669,357937,357937
919,1195200000,1773448199705,1773448204260,358286,358286
920,1198800000,1773448204286,1773448209034,360495,360495
921,1195200000,1773448209081,1773448214348,358678,358678
922,1195200000,1773448214373,1773448220127,359788,359788
923,1202400000,1773448220164,1773448226099,362139,362137
924,1198800000,1773448226136,1773448231800,359935,359935
925,1195200000,1773448231838,1773448237855,358132,358132
926,1202400000,1773448237891,1773448243547,364739,364739
927,1202400000,1773448243587,1773448250276,362168,362166
928,1202400000,1773448250315,1773448256171,358730,358730
929,1198800000,1773448256206,1773448262193,358248,358248
930,1191600000,1773448262243,1773448267456,355421,355421
931,1198800000,1773448267489,1773448272777,357368,357368
932,1202400000,1773448272806,1773448277678,359076,359074
933,1198800000,1773448277710,1773448283088,363333,363333
934,1202400000,1773448283127,1773448289661,364770,364769
935,1198800000,1773448289703,1773448295759,360855,360855
936,1198800000,1773448295796,1773448300936,359349,359349
937,1188000000,1773448300965,1773448306256,356004,356004
938,1195200000,1773448306296,1773448312394,357849,357849
939,1195200000,1773448312430,1773448317695,359544,359544
940,1191600000,1773448317733,1773448322745,357442,357442
941,1191600000,1773448322781,1773448328155,354936,354936
942,1195200000,1773448328190,1773448333884,359570,359570
943,1198800000,1773448333922,1773448339219,358554,358554
944,1198800000,1773448339256,1773448344954,356498,356498
945,1195200000,1773448344992,1773448350476,360336,360336
946,1191600000,1773448350517,1773448355582,359634,359634
947,1202400000,1773448355608,1773448359914,356321,356320
948,1198800000,1773448359944,1773448366291,361672,361672
949,1198800000,1773448366327,1773448371961,360572,360572
950,1195200000,1773448372000,1773448378110,361644,361644
951,1198800000,1773448378148,1773448383749,356939,356939
952,1198800000,1773448383786,1773448389472,358373,358373
953,1202400000,1773448389511,1773448396343,361862,361861
954,1198800000,1773448396381,1773448402076,360009,360009
955,1195200000,1773448402114,1773448408483,360645,360645
956,1195200000,1773448408520,1773448414446,362667,362667
957,1202400000,1773448414478,1773448420224,362035,362035
958,1202400000,1773448420265,1773448426162,362408,362407
959,1202400000,1773448426192,1773448430755,355698,355698
960,1202400000,1773448430789,1773448436415,359070,359069
961,1191600000,1773448436450,1773448442819,359204,359204
962,1195200000,1773448442860,1773448449198,361454,361454
963,1202400000,1773448449237,1773448455605,359842,359842
964,1202400000,1773448455645,1773448461183,358724,358723
965,1202400000,1773448461226,1773448467044,361484,361484
966,1202400000,1773448467080,1773448472280,360933,360933
967,1202400000,1773448472311,1773448478412,362124,362124
968,1202400000,1773448478441,1773448484053,359692,359692
969,1202400000,1773448484080,1773448490456,360585,360585
970,1195200000,1773448490498,1773448495880,360457,360457
971,1198800000,1773448495918,1773448501922,360077,360077
972,1191600000,1773448501959,1773448507681,356533,356533
973,1202400000,1773448507718,1773448513513,359329,359329
974,1180800000,1773448513547,1773448519585,358177,358177
975,1184400000,1773448519621,1773448525325,359067,359067
976,1198800000,1773448525356,1773448531137,359738,359738
977,1195200000,1773448531164,1773448536431,358847,358847
978,1195200000,1773448536474,1773448542090,358363,358363
979,1188000000,1773448542124,1773448547756,358919,358919
980,1198800000,1773448547792,1773448554012,359572,359572
981,1191600000,1773448554050,1773448559382,358423,358423
982,1202400000,1773448559417,1773448566079,362593,362592
983,1191600000,1773448566117,1773448572171,358795,358795
984,1191600000,1773448572208,1773448578781,361658,361658
985,1202400000,1773448578830,1773448584553,361554,361554
986,1188000000,1773448584589,1773448589865,360645,360645
987,1198800000,1773448589898,1773448595284,362811,362811
988,1184400000,1773448595307,1773448601092,358377,358377
989,1195200000,1773448601132,1773448606995,359181,359181
990,1198800000,1773448607029,1773448612560,357397,357397
991,1191600000,1773448612593,1773448618263,360357,360357
992,1198800000,1773448618291,1773448622523,360718,360718
993,1198800000,1773448622557,1773448627513,358154,358154
994,1198800000,1773448627532,1773448631964,360668,360668
995,1195200000,1773448631998,1773448636029,357583,357583
996,1202400000,1773448636055,1773448640151,358618,358618
997,1202400000,1773448640171,1773448644413,358699,358699
998,1202400000,1773448644447,1773448648791,359953,359953
999,1191600000,1773448648818,1773448653135,358303,358303
1000,1202400000,1773448653163,1773448657657,362005,362004
